time,flux
131.51231488081976,-2.469882230349274e-05
131.53274917569797,3.761797332724193e-05
131.5531833705827,-7.306754267355497e-05
131.57361746534298,-0.00010515390492382704
131.59405165999488,-0.0001856092004532961
131.6144859546475,-2.0839658892768398e-05
131.63492004918226,1.782578693032555e-05
131.65535424371046,-9.261997088616525e-06
131.6757885381303,7.90204841316644e-06
131.69622273242567,3.5835107783821485e-05
131.71665682672756,-7.350839971298484e-05
131.7370910210302,4.0429352371473826e-05
131.75752531520993,-4.465635282568936e-05
131.777959409279,5.448774080973884e-05
131.7983936033488,-2.561767729980513e-05
131.8188278972957,5.66746012333752e-05
131.83926199124835,-1.3231336877694844e-05
131.85969618508534,4.709985188822152e-05
131.88013037891506,2.0765848155468447e-05
131.90056457263563,-8.967906106005508e-05
131.9209987662398,-1.9295699613341988e-05
131.94143295983667,1.359887401353177e-06
131.96186715332442,-3.1608193652332695e-05
131.98230134681216,-1.3598855520546849e-06
132.00273554017622,6.994222177092446e-05
132.0231696335468,3.8591399226683976e-05
132.04360392680246,1.745801393582269e-05
132.06403811993368,-3.98597649301502e-05
132.08447221307142,-3.4916345489910405e-05
132.10490640620992,1.8946711684453277e-05
132.1253406992255,-1.7090702933320046e-05
132.1457747921304,1.8836527426513427e-05
132.16620898503606,-3.252766413508468e-05
132.1866432778188,1.672316093470627e-05
132.20707747049164,5.136406037387076e-05
132.22751156316372,5.2375052421060886e-05
132.24794575583655,-4.3260214749096804e-05
132.26838004838646,0.0
132.2888141408257,5.9377125681825405e-05
132.30924833325844,1.718281262985677e-05
132.3296826255828,-5.1456551190764976e-05
132.3501167177892,3.6864906876488135e-05
132.37055090999638,-6.450446238559504e-05
132.39098510219628,-0.00011853384113602594
132.41141929428704,-0.0001848760374926206
132.4318534862541,-0.00017201189969495712
132.45228767822846,3.465962829984903e-05
132.47272197008715,-2.977117215752223e-06
132.4931560618279,-3.4218470711722127e-05
132.51359025367856,-3.510053178246153e-05
132.5340243453029,-7.564082999389488e-05
132.55445863692148,6.0644897843742385e-05
132.57489282843017,6.4320346198076805e-06
132.5953269199381,-3.8334926334093744e-05
132.61576121133112,-9.850201589389762e-06
132.6361954025997,-7.791950510827039e-05
132.65662959387555,-5.770420617889904e-06
132.67706368515064,-3.168218199223194e-05
132.69749797618715,9.758259070791198e-06
132.7179321673466,6.362164388495906e-05
132.73836625827244,-8.085986379247068e-06
132.75880054919253,6.82894363592812e-05
132.77923474011914,0.0
132.79966883092857,0.00012209767630322332
132.82010302161507,1.9185727582859968e-05
132.8405373123096,-7.130328661619778e-06
132.8609714028862,4.5501788058510684e-05
132.8814055934563,4.733950163116063e-05
132.9018398838016,-1.356232616589459e-05
132.92227397426177,0.00013610106718986437
132.94270816459905,1.8744786606239572e-05
132.96314235482714,2.6205946765278654e-05
132.98357664505602,5.770453915809881e-06
133.00401073515968,-3.557834006850946e-05
133.02444492515497,1.6649684968284006e-05
133.06531330502185,2.050888347082669e-05
133.08574749490072,3.951084181164077e-05
133.10618168466317,-2.2493676134494045e-05
133.12661587430193,-0.00011463688866564237
133.14705006394797,6.121440784645493e-05
133.167484253594,5.6050663625129005e-05
133.18791844299994,-2.0509161622661587e-05
133.20835273253033,-9.140915649963333e-05
133.22878682182636,-0.00026132692328884044
133.24922101111588,-0.00019571989083788655
133.26965520029626,-0.0002094127493127429
133.29008938947663,-1.495936620787841e-05
133.33095766759652,-0.0001225785904269694
133.35139195654483,2.0031760448180336e-05
133.3718261453687,6.094065839068463e-05
133.39226033419982,-6.976198409269774e-05
133.4126945229145,-7.479751833949777e-05
133.43312871162198,7.406238037210855e-05
133.45356290010386,3.1315706241707986e-05
133.4739969887014,1.8929101692988226e-05
133.49443127717677,-6.366059054729867e-05
133.51486546554224,4.870136791668145e-05
133.53529955379054,-4.2085090171228856e-05
133.55573384203308,-4.1828042784297637e-05
133.57616803028213,-1.0181550647803128e-05
133.5966021182976,-1.0108037646894275e-05
133.61703630642296,2.8853436122577847e-05
133.63747059432353,-0.00010045346303122482
133.65790478221606,-2.0436196650486238e-05
133.6783388699987,3.774815460388936e-05
133.69877315778285,2.2310873536657283e-05
133.71920734544983,1.176191026641682e-05
133.73964143310877,2.8706826917357375e-05
133.76007562065934,5.9839796221261565e-05
133.78050990808697,-3.8410680006872866e-05
133.80094399540394,5.74504103347806e-05
133.8213781828381,4.348294013190035e-05
133.8418123700394,-2.3321999588765685e-05
133.86224655723345,3.399976299411911e-05
133.88268074431835,-3.620496272649376e-05
133.90311493140325,8.295898565813253e-05
133.92354911836446,-5.281832829073796e-05
133.9644174920686,-5.660419315789422e-05
133.98485157879622,1.812047987304055e-05
134.00528586553264,-1.4261112815994181e-05
134.02572005215188,9.81370392216796e-06
134.04615413864667,-0.00015455584124590693
134.06658842503384,-0.00014588159068029682
134.10745669779865,-0.00012338737715134052
134.12789088406862,-3.7563866383205635e-05
134.14832517022296,-7.711216769745732e-05
134.16875935636926,-0.00011651331872208903
134.20962772832718,-7.681792937830334e-05
134.23006191424065,-3.822509841566735e-05
134.27093018573214,4.035688275072502e-05
134.29136447141354,-3.234428670118028e-06
134.3117985571007,-2.4882687500671352e-05
134.3322327425558,1.800947849872614e-05
134.35266702800436,5.035218412441367e-06
134.3731011134587,4.594177383632214e-06
134.41396948389593,-0.00010085131150050497
134.43440366911818,0.00012321569251549924
134.45483785422402,-1.9938667922381192e-05
134.47527203920615,3.3812990201109727e-06
134.49570632419636,-4.336881613276056e-06
134.5161404090686,-4.869789187789131e-06
134.53657459381793,0.00010033603383052814
134.55700867857377,0.00013120865962457096
134.5774429632147,5.93562984014806e-05
134.5978771477312,-4.834799530861744e-05
134.6183112322542,1.0933726457329485e-05
134.63874541666155,3.0320344918344233e-05
134.65917970106238,7.543311563407151e-05
134.67961388535332,3.0062825056687004e-05
134.70004806952784,0.0
134.72048225369508,-1.697905369113517e-05
134.7409164377532,2.0948153870437025e-05
134.7613505216941,5.181911746920953e-05
134.78178470562852,2.3061217702124992e-05
134.80221898945456,-7.919820545376766e-06
134.82265317327983,-4.501986156857374e-05
134.84308725698793,2.9676357727881353e-05
134.86352154057386,-3.1330116897265725e-05
134.88395572404988,-3.0319425622926666e-05
134.90438990751863,-0.00016769398680893666
134.9248239909939,-0.00019167389616536745
134.94525827423786,-0.00014718723539386414
134.96569245747378,-1.0106489322092571e-06
134.9861265407162,5.9168901119566186e-05
135.00656082384376,-8.930449001853802e-06
135.02699500684685,2.8738902768443708e-05
135.04742908974004,8.617995779003351e-06
135.067863272634,7.384995643966441e-05
135.088297555405,4.196893086350073e-05
135.10873163818178,5.5860573478616615e-05
135.12916582072648,-2.7213681385362953e-05
135.1496001033811,0.0
135.17003428580938,4.7500547818213334e-05
135.1904683682369,1.96617155894252e-05
135.21090255065792,-1.2311541537468607e-05
135.23133683285414,2.517434612836489e-05
135.25177091504884,7.03779165489582e-05
135.2722050971206,-3.95990627058973e-05
135.2926391791989,2.8298138901261538e-05
135.31307346116228,-1.6188700342367746e-05
135.33350764311763,-9.19681233524372e-05
135.35394172484666,-9.896909338191762e-05
135.37437600657722,3.555633957130766e-05
135.39481018829974,8.838552627343788e-06
135.41524436991313,3.0319434537018353e-05
135.43567845140933,2.3796188493685477e-05
135.45611273278337,3.6291704451407725e-05
135.47654691416392,-1.1833851983000798e-05
135.4969809954273,0.0
135.51741527668491,-7.699354007661974e-05
135.53784945783264,-1.240349392639395e-05
135.55828353886318,6.45717536613688e-05
135.57871771989448,-6.714456297896021e-05
135.59915200080286,1.4351369372445077e-05
135.61958608160057,5.255440695073332e-06
135.64002026227536,7.129796437022051e-06
135.66045454295818,1.3708247407429042e-05
135.68088872352382,2.80046643568177e-05
135.7013228040887,6.789848670885057e-05
135.72175698453066,-7.783973636232844e-05
135.74219126486423,-0.0002548516540659129
135.762625345189,-0.00013664218120634786
135.7830595254054,-0.00021766104873288672
135.80349380550615,-6.0640055788874214e-05
135.82392788560537,-2.8482578676714e-05
135.84436206558166,6.817466827779839e-05
135.86479624544882,8.702859708997757e-05
135.8852304253087,-8.002781402982606e-05
135.90566460505943,2.870326618564789e-05
135.92609878469375,-5.2923100896884456e-05
135.9465328643273,-0.00014114665810349702
135.9669671438387,0.0
135.9874013232402,-4.943165086479517e-06
136.0078354025245,-5.639618457475848e-05
136.02826968180307,7.945855572932814e-05
136.04870386108814,1.4884717860041974e-05
136.06913794013963,1.010700933967712e-05
136.0895721191846,0.00011448485124665453
136.1100063982376,6.027452842527481e-05
136.13044057704974,-1.6060956659624814e-05
136.17130893468857,2.848338995709021e-05
136.19174311327515,5.8069362751211884e-05
136.2121771918537,-8.93092098031012e-06
136.23261137032387,2.458765329316215e-05
136.25304564878752,2.537800828172898e-05
136.2734797271405,-2.9181953042023423e-05
136.29391390537785,5.5754065838575784e-05
136.31434818361595,-7.971745106860606e-05
136.33478226161242,-1.3120852942027916e-05
136.35521643973334,5.924558611192232e-05
136.37565061762143,-1.3120852942027916e-05
136.39608479550225,8.085737336371857e-05
136.41651897327392,-3.429087697659483e-05
136.4369531510456,1.3782506823378782e-05
136.45738742857793,-6.928012619633606e-05
136.47782150623243,4.403055235213671e-05
136.49825568365486,-5.145473563661351e-05
136.51868986107002,-4.877193230046206e-05
136.53912403837603,-6.24810719105362e-05
136.55955821556563,-4.594196464036138e-06
136.57999239274795,-0.00013911270352573446
136.60042656982114,-0.00017101491600712837
136.6208607467779,-0.00021820695774033005
136.6412949237274,0.00012382477188599417
136.66172910056775,5.5866548048344455e-05
136.6821632772917,2.5176909135504744e-05
136.70259745400836,-6.523943608138794e-05
136.72303163061588,7.87467559459909e-05
136.74346570710622,-4.612703790540795e-05
136.76389998359082,2.9477198725036402e-05
136.7843341598491,3.344669680771517e-05
136.80476823622303,7.30496098737543e-05
136.82520251235837,-1.341552702061044e-05
136.84563668850024,4.915917142445103e-05
136.8660708645184,0.00014029333325482618
136.88650494042668,-4.410584225988945e-05
136.90693921633647,5.7888370088576835e-06
136.92737339212908,2.262240748551747e-05
136.94780746779725,-6.432101996245443e-06
136.98867591902672,-5.439720545374893e-05
137.00910999446933,0.0
137.0295441699127,-3.657109420718285e-05
137.0499784452404,-4.5594627265943544e-05
137.07041252044291,1.7642450382826524e-06
137.09084669553704,-1.745869603320127e-05
137.11128097062465,2.9110043130220475e-05
137.1317150456016,7.020225047837947e-05
137.1521492204629,5.704382226223714e-05
137.17258339532418,1.4132312925019264e-05
137.19301767006257,3.5266460992611215e-05
137.21345174469025,-1.7201358775253972e-05
137.2338859193187,7.883936690333826e-05
137.25431999382272,-8.699896571562338e-05
137.2747542682191,-6.954036465312008e-05
137.29518844249833,9.004942794721416e-05
137.3156225167695,-5.439732541745457e-06
137.33605679093307,-1.1761583873726167e-05
137.35649096509587,-7.406106012786129e-05
137.39735921294778,-3.197673563848369e-05
137.4177934867621,-0.00012470899397021284
137.43822766056837,-0.00025408425835371506
137.45866173426475,-0.000156684536103735
137.47909600784624,-2.0214986380162614e-05
137.49953018130327,4.12385532690962e-05
137.51996425476682,-1.2128986255577345e-05
137.5403984281147,1.3047848850700206e-05
137.56083270133968,2.5728152663884174e-06
137.5812667745704,6.0644775250473515e-05
137.60170094768546,2.4992998284956158e-05
137.6221352206776,-1.3047678606548097e-05
137.64256939355982,-2.0766023697715852e-05
137.6630034664413,-1.359898897035361e-05
137.68343763919984,4.675086968730646e-05
137.70387191196642,-4.245067176800177e-05
137.72430598449864,2.5433599688984287e-05
137.74474015702435,9.923471656847482e-06
137.76517442944169,-3.943661143590571e-05
137.7856085018575,2.1243517603242168e-05
137.80604267403396,-2.903525762365522e-05
137.82647674621694,-9.18837266572492e-06
137.84691101840144,-2.94027925296092e-06
137.86734519034508,2.370600147760804e-05
137.887779362296,5.909978675577854e-05
137.90821343412972,6.89129976161329e-05
137.94908187767578,7.08241847497959e-05
137.96951594927668,0.0001027260064025981
137.98995022075542,6.505367847320365e-05
138.01038439224067,6.3399619931736595e-06
138.03081846349232,0.00013212848328070237
138.05125263474474,-3.168143326504058e-05
138.07168690599065,5.513010429059051e-06
138.09212107701023,6.916990418193159e-05
138.1125551481382,-1.4223501561438923e-05
138.13298941904213,0.0
138.1534235898289,-9.500805271356327e-05
138.1738576606076,5.035243025819369e-05
138.21472610194903,-3.649648047876486e-05
138.2351602723793,-0.00014977155886242155
138.25559434281604,-0.00016035664081393008
138.2760286131379,-0.0002594866061175205
138.29646278345172,-0.00019226314153142354
138.31689685353922,-8.435191176536794e-05
138.33733102362748,-1.3121570059948517e-05
138.35776529359282,6.369679590045862e-05
138.37819946356467,0.00010997269685208977
138.41906780315185,0.00013655259287292942
138.43950197277445,6.873698546061568e-05
138.4599360423963,8.895374589013016e-05
138.4803702118952,8.435902761072533e-05
138.50080448128574,0.0001659612242534969
138.52123855055834,0.00019058891423129332
138.54167271982442,-0.00010338116128749686
138.56210688898136,-0.0001727614073070427
138.5825410580219,-0.000246460688509309
138.60297522693872,-0.0002935106036907609
138.62340939586284,-0.00035599877229119947
138.64384356467053,-0.000285783861022626
138.66427773335454,-0.00035994739982403434
138.68471190204582,-0.00046293199328706347
138.7051459705035,-0.0004180897031214048
138.72558023907186,-0.0004394076835881888
138.7460144074139,-0.0004169870489593164
138.76644847563875,-0.0003703088394098053
138.78688274385786,-0.0003528532485544966
138.80731691196706,-0.0002440752080236086
138.8277509800755,5.612571984814352e-05
138.8481851479446,0.0001371717003753048
138.86861941582174,1.5878396184776378e-05
138.8890535835817,0.0001040917083234838
138.90948765122448,6.650916179773425e-05
138.9299219188615,-3.813369120808652e-05
138.95035608638864,0.00012029956908299333
138.9707901537913,8.067714403647841e-05
138.9912243210856,6.1748338032519e-05
139.01165858838067,9.666500228888708e-05
139.0320926555578,4.844264077097371e-05
139.05252682261198,8.947915852308697e-05
139.0729610895578,-1.3709478796308794e-05
139.0933951564948,-6.670942440623051e-05
139.11382932332344,-0.00017210252127897174
139.13426349003566,-0.0001227593659148818
139.15469765663147,-4.3075645169809995e-05
139.17513182322,-9.556026986157207e-06
139.1955659896994,-2.774888035106393e-05
139.2160000560616,-4.2174301149278115e-05
139.23643432241806,-5.8805125785488244e-05
139.2568684885482,1.9387261466663475e-05
139.2773025546776,-3.960157689630872e-05
139.31817098669853,1.0456395763691617e-05
139.33860515247216,-3.8940019230992995e-05
139.3590392182523,4.3994044742534655e-05
139.37947348391754,-5.604922158108927e-05
139.39990764958202,-2.205232944141322e-06
139.42034171500563,0.0
139.44077598043805,-1.2128807940325892e-05
139.461210145746,-3.7121503089987407e-05
139.48164421094407,3.362987656196914e-05
139.5020783761429,6.533014603093967e-05
139.52251264122606,9.978697410617521e-05
139.542946706184,3.601887094828449e-05
139.5633808710336,7.692601723929826e-05
139.58381513587665,9.813304635852838e-05
139.60424920049263,0.00011228331708834638
139.62468336510938,5.1198252276396516e-05
139.64511752972612,0.00010309482960146887
139.66555179410352,2.205237807251237e-06
139.68598585848667,1.0217601840833979e-05
139.70642002275417,6.553311167989406e-05
139.72685418689798,-1.157763891157515e-05
139.76772251496732,6.73532347288397e-05
139.7881566788783,-1.9939497866383604e-05
139.80859084268013,-7.626730532728221e-05
139.82902500636555,-5.623585833580691e-05
139.8494591700437,0.00011476926003228805
139.8698933336127,-3.9512321651002935e-05
139.8903274970653,6.533326165980569e-05
139.9107616603942,-7.47794772695265e-05
139.93119582373038,-0.00015862025555490877
139.9516300868272,-0.0001849742639509211
139.9720641499298,-0.00024894882251047523
139.99249831291672,-7.86579772881213e-05
140.0129323759029,-3.5745285527521986e-05
140.0333666387669,2.4259194050912924e-05
140.05380080140458,-8.012885307673301e-05
140.0742349641514,1.1302579046468253e-05
140.09466912667267,-1.1026906385769308e-06
140.11510328907752,-8.343692499135358e-06
140.13553745148238,-3.9255808380378454e-05
140.15597151376278,-8.28856710706205e-05
140.17640577605198,2.0326286519933845e-05
140.1968399381003,1.828629650657554e-05
140.21727400015516,-5.8442636071687204e-05
140.2377082620951,-4.603735954711308e-05
140.2581424239179,-6.799925605038837e-06
140.2785764856162,8.086398016926566e-05
140.29901064732258,1.745916737183606e-06
140.3194449087896,0.00012129526806026192
140.33987897026236,3.675607767039679e-07
140.3807472929766,8.233361396614569e-05
140.40118155421078,-2.3891450481206e-05
140.4216156153343,-7.534995920988052e-06
140.44204977634217,2.79162897247609e-05
140.4624840372271,2.3064438733788606e-05
140.4829180981178,4.741534018593008e-05
140.50335225877643,4.7782883399349885e-05
140.52378631942702,-1.1210568662489706e-05
140.54422057997,-2.389123094426182e-05
140.5646547405122,-1.1302385869327303e-05
140.5850889008143,5.642004003059142e-05
140.60552306112368,-2.4993893954938784e-05
140.62595722131664,-1.2680569471568148e-05
140.64639138150233,6.6710785222579e-05
140.6668254414617,-6.432165235992215e-07
140.6872597014226,2.0785082522456477e-05
140.70769386125903,-3.067223937203156e-05
140.72812792098557,3.95118721696619e-06
140.74856218059722,-9.618813796996584e-05
140.76899634020083,-0.0001552908464316216
140.78943039957812,-0.00018539280394358482
140.80986455895618,-0.00023975341748794232
140.8302988182113,-2.5452856393881618e-05
140.85073297747294,-1.5271480614753585e-05
140.89160119552253,-2.1979170656161173e-05
140.91203545443568,-3.4291916759410235e-05
140.9324695132309,2.0582321660134184e-05
140.9529036719032,4.575891154789957e-05
140.9733379305835,1.911211157112902e-06
140.9937719891459,8.488350322632954e-05
141.01420614758536,6.586315092693695e-05
141.03464030591567,5.351372752104844e-05
141.05507446412958,1.5914453308063514e-05
141.0755086223362,0.0
141.0959427804337,-5.558950139428198e-05
141.11637693841476,6.339956167833449e-06
141.13681109627214,-5.51300232243257e-07
141.15724525402038,-6.312351121084969e-05
141.17767931176786,2.3889509914054585e-05
141.19811356939317,2.1316793461734207e-05
141.21854772690858,-2.6351967089777162e-05
141.23898178430682,4.318488330490311e-06
141.25941604158288,7.782467268158122e-05
141.27985019886546,-3.057851424936864e-05
141.30028425603086,7.958847740408004e-05
141.32071841295692,-5.77932497483058e-05
141.34115267000743,-4.421302740720279e-05
141.36158682682435,-2.1242795412268478e-05
141.38202088351682,9.555582711318067e-06
141.40245504021732,5.402579456048606e-05
141.42288929680217,2.0324026730023093e-05
141.46375750972948,-2.3153911954398865e-05
141.48419176596508,8.45301547536259e-06
141.50462592219264,0.00017383797308601068
141.5250599783103,6.110051678165362e-05
141.54549413431232,5.5771433779661095e-05
141.56592829019064,3.71931860760899e-05
141.586362546077,-9.371775006838945e-05
141.606796601729,-0.00015729881187942496
141.62723085737525,-0.00025542680900980663
141.6476650129116,-0.00022815598474879017
141.66809906833078,0.0
141.7089674789313,-6.247828190697469e-06
141.72940153411764,9.004254418298885e-06
141.7702699441361,-8.452944022518949e-06
141.7907039989732,7.607649620333667e-05
141.81113815380377,0.0001016190879237211
141.8315723085252,5.402533788356756e-05
141.85200646301382,-1.9588778974122256e-05
141.87244061749516,-3.583325737799292e-06
141.89287477198377,-5.51280882754579e-05
141.9133090262403,0.00011953640090145434
141.93374308048806,-5.512824021725038e-07
141.954177234511,5.9354738649153305e-05
141.9746112885332,3.730346312114108e-05
141.99504554254963,5.926290725444261e-05
142.01547969633975,-4.9045798282798536e-05
142.0359137500127,-7.017830784639134e-05
142.05634790367913,9.406723170091169e-05
142.07678215723718,-3.996800721817184e-05
142.09721631067805,2.2786385355244576e-05
142.11765036400175,-2.1022281964877543e-05
142.13808461720328,3.0504360194028024e-05
142.15851877041132,-1.0474386816450298e-05
142.1789528234949,-1.830263091517903e-05
142.1993869763537,5.307027919898566e-05
142.2402552820713,4.899110662570649e-05
142.26068943469,-2.3245967697538283e-05
142.28112368731672,8.08555695352986e-06
142.30155773970182,-2.9677658364812842e-05
142.32199189209496,5.880405057001603e-05
142.34242604437168,1.5619863247273713e-05
142.36286029664188,-1.984646553754299e-05
142.383294348685,5.32914352402436e-06
142.4037285007289,1.0107048343144243e-05
142.42416275253345,1.6759316406878e-05
142.44459680434375,-0.00019037905830354696
142.4650309560384,-0.0001962594925369876
142.48546500773227,-0.00024135445163342428
142.50589925918757,-0.00013139061437328348
142.5263334106494,1.3047172696234455e-05
142.5467675618711,1.2606141506443791e-05
142.56720161309931,-3.482302369683943e-05
142.58763586421264,6.652205775870002e-05
142.6080700153252,-1.1503542392765631e-05
142.6285040661969,-2.528574174509579e-05
142.6489383170774,-5.329115124408368e-06
142.66937246771704,1.9478834592412397e-05
142.68980651836318,-1.7200062787714465e-05
142.71024066889368,-3.741381179023229e-05
142.7306749193085,-3.6053977766514755e-05
142.75110896971455,4.904572527997253e-05
142.7715431198958,-9.996576540061142e-05
142.79197737007053,-2.410931250518278e-05
142.8124114201346,-1.8375961889693926e-05
142.832845570083,3.388516164348765e-05
142.853279719915,1.9478455174803955e-05
142.87371396962408,-6.615302517998245e-06
142.8941480193389,-8.710148315049793e-06
142.91458216882165,2.896032435573126e-05
142.9350164182979,7.534094534134006e-05
142.95545046766347,1.800832352061299e-05
142.9758846169134,-4.9431010480160964e-05
142.99631866603886,5.4575363247932884e-05
143.01675291517313,3.344348858957957e-05
143.0371870640738,2.4163839283053434e-05
143.0576212129672,6.670322174739951e-05
143.07805536175147,6.056579032498455e-05
143.0984895104193,7.589099333782379e-05
143.11892365896347,1.1392836772428083e-05
143.13935780739848,3.858864068062573e-06
143.15979195582622,1.866952305484837e-05
143.1802261040284,-2.940081507141201e-07
143.20066015222983,2.4255672427919706e-05
143.2210943003156,-0.00010003630266697261
143.24152854827844,-1.771399628403003e-05
143.26196269613138,-0.00011767676229390567
143.28239684397704,-0.0002583591401528196
143.30283099159715,-0.00018474737165885546
143.32326513921726,-0.00012318945133715786
143.36413333398377,2.2307880727323592e-05
143.3845675813718,9.922780554116883e-06
143.40500172851898,-3.994837949050645e-05
143.42543577555625,-2.4255779398796307e-05
143.44587002247863,-6.258762221178493e-05
143.46630416940025,1.3598121841873478e-05
143.4867382161974,0.0
143.5071723628862,-3.978394286996423e-05
143.52760660945205,4.538880936144629e-05
143.56847480224678,0.00014620083459448985
143.58890904858708,9.01535060986447e-05
143.60934319480293,2.5947156667704974e-05
143.62977724079246,-6.43166289227004e-07
143.65021138678276,3.592543130048753e-05
143.67064563265012,0.00013357645019063114
143.69107967840682,5.0993898649043246e-05
143.71151382416429,-1.60607754443598e-05
143.73194796968164,-9.62911479729378e-06
143.75238211520627,-8.680904256197497e-05
143.77281626049808,-1.8284298794801757e-05
143.7932504057826,0.00011117595864917895
143.813684550958,-1.1301350511416786e-05
143.83411869601696,-4.1805808802308775e-05
143.85455284106865,0.0
143.87498688589403,-7.589367094573696e-05
143.89542113060452,1.396590554936239e-05
143.91585527530697,-4.869690750752831e-06
143.93628931989952,5.862033638504016e-06
143.95672356437717,5.018562340852739e-05
143.97715770873037,2.9310275916127893e-05
143.99759175297368,-1.7935317819905983e-05
144.01802589710132,-9.188175112639918e-06
144.03846014122246,4.9064954281474726e-05
144.05889428511728,5.604817717719257e-06
144.0997625726668,9.794657666617468e-05
144.1201967163288,-0.00024495809893387843
144.1406307598736,-0.00017770028632335677
144.1610649034119,-0.00021235754807236162
144.1814991467254,-3.491513600573093e-06
144.20193318992096,6.861743044428437e-05
144.22236733311,2.692135060655687e-05
144.24280157607427,-3.0063661457191415e-05
144.263235619037,-3.789197428161195e-05
144.2836697618768,7.83748384609595e-05
144.32453804722172,-3.078027067338063e-05
144.3449721898287,-8.839010489647414e-06
144.3654063322101,1.865199376505089e-05
144.38584037447436,-2.2161924798869137e-05
144.40627461673284,-5.263015719014774e-05
144.42670875888143,5.7959130029372474e-05
144.44714280091284,-6.174466610775475e-06
144.46757704282209,-6.637551606436531e-05
144.48801118462143,-3.3371521919289826e-05
144.5084452263036,6.236946332260906e-05
144.52887936786283,5.814289391636862e-05
144.5493136094301,0.0
144.56974775076378,2.3889305338586908e-05
144.5901817920967,3.675277744363825e-06
144.6310501744083,0.00012560326550103973
144.6514842153847,3.362899900261063e-05
144.67191835625272,4.3846334218722305e-05
144.69235259700508,4.75216346562668e-05
144.71278663763223,7.258757047190478e-05
144.73322077826742,-2.5727240167250365e-05
144.75365501867054,-8.159297418264266e-06
144.77408905906486,-9.996977016979436e-06
144.7945231993508,-7.396687570349059e-05
144.81495733952033,1.562011010158848e-05
144.83539157956693,-2.4441228493432554e-05
144.85582561950287,3.656996514278532e-05
144.87625975932315,8.398228175998668e-05
144.89669389901974,4.32591446963837e-05
144.93756217819464,1.8376870269953827e-07
144.9579963176584,-0.0001626354663847307
144.97843055701378,-0.00015998969126851392
144.99886459625122,-0.00023037339418130465
145.01929873536574,-9.383285835584676e-05
145.0397328743711,2.572790207522324e-05
145.06016701326007,1.2955861401708901e-05
145.08060115202534,-9.28962828163904e-05
145.10103529068147,-1.0916028651664078e-05
145.12146952933836,-7.534698204025858e-06
145.14190356775362,2.3063527429645347e-05
145.1623377061769,5.1456513365355505e-05
145.18277174448303,2.5176936896631474e-05
145.203205982667,0.00013341929015076026
145.22364012074104,-1.99577762555192e-05
145.2440741586979,9.445945667652111e-06
145.26450839653262,-4.41055828859227e-07
145.28494253425742,-4.6862181814932846e-05
145.30537667198223,-2.021505882210395e-05
145.32581070947344,1.229443665162755e-05
145.3462449469589,-3.2895413901501414e-05
145.36667908421805,8.361635171239001e-05
145.38711312146916,-4.656770471966887e-05
145.40754735861265,-9.445856442580336e-06
145.42798149563896,-4.904880059775074e-05
145.4484155325481,3.149873710994733e-05
145.4688496693343,-4.914097026398334e-05
145.48928390601213,-9.99720776506674e-06
145.50971794256475,0.0
145.5301520791254,-2.3669859561481488e-05
145.55058621545322,4.4325855017790516e-05
145.57102045177453,8.251419464655463e-05
145.59145448798515,-3.4916919783745115e-05
145.61188862396375,1.830371127597985e-05
145.6323228599358,2.813552405989128e-05
145.6527568957972,3.1351537587154255e-05
145.67319103154296,2.756583023488801e-05
145.69362506717152,-4.6016559271833124e-05
145.71405930279434,9.842839115870028e-05
145.73449343819084,0.0
145.75492757346365,2.6941004749536646e-05
145.77536170874373,-0.00016015546933689784
145.79579584379098,-0.00010246956804516039
145.81622997883824,-0.00021622254978836963
145.83666401376104,-0.00017577591098194567
145.8570982484598,0.00012531269597326755
145.87753238315054,-4.4931740967091294e-05
145.89796641773137,1.9185478665528777e-05
145.9184006521973,3.407076383687979e-05
145.93883478654607,-4.254273224502114e-05
145.9592688208868,5.375269624896539e-05
145.97970295500272,2.2052388204629736e-05
146.00013718899572,3.737925755520344e-05
146.02057132299524,-9.703180088638241e-05
146.04100535676116,-2.4515369372313245e-05
146.0614395905286,-2.984479749679192e-05
146.0818737241716,2.131759261891908e-05
146.10230775758828,5.994687773092089e-05
146.12274189100572,-4.5943374606949305e-06
146.14317612430025,2.4166326071606292e-05
146.16361015748407,3.583599683620875e-05
146.1840442905523,-4.318697054528364e-06
146.20447842349677,-4.77813291144269e-06
146.22491255633213,-3.6754868549815356e-06
146.26578082176275,-8.391167331567306e-05
146.28621495436528,0.00010971368587275876
146.30664908673498,8.913094116325126e-06
146.3475172512335,1.6190589518627618e-05
146.36795148336387,5.8624230809600775e-05
146.38838561538432,-3.583615160063225e-06
146.4088196472876,1.5620893772494426e-05
146.429253879076,1.0107638261480645e-05
146.44968801073992,-2.3596740959197504e-05
146.47012204229395,1.5914935880712022e-05
146.51099040504778,5.303753458618665e-05
146.5518585674581,-3.686541092717821e-05
146.57229279842431,-9.758491127764835e-05
146.59272692939703,-3.8115099883051506e-05
146.61316106012964,-5.550029009027124e-05
146.63359509086877,-0.00019745081877575732
146.654029321493,-9.703465405219713e-05
146.67446345188364,-1.7091340534403088e-05
146.69489748226624,2.3597297778454873e-05
146.71533171254123,-4.814979806477826e-05
146.73576584269176,-4.870113163046863e-05
146.75619997273316,7.626852475173251e-05
146.77663400265735,3.528571134525649e-05
146.817502362268,1.764297564221806e-05
146.83793639184296,-4.263730867437587e-05
146.85837052130228,-3.960506672862074e-05
146.87880475063866,1.3416101490193455e-05
146.8992387799808,3.52861847419117e-05
146.91967290909088,-2.7934896254189212e-05
146.94010713819443,-3.381592704443381e-05
146.96054116718733,3.951317562256307e-05
146.98097529594816,2.3524118837769947e-05
147.0014094247017,4.807724116040468e-05
147.02184355334612,0.0
147.0422776818741,4.9345333530403934e-05
147.062711810162,-2.9221258962097707e-05
147.08314603845793,-4.2196388165716137e-05
147.1035800666359,4.337260207853966e-05
147.12401419469097,0.0001235016238991804
147.14444822263613,-5.230421572732791e-05
147.1648824505828,-1.8378217836456656e-07
147.18531657828862,-6.818320072543571e-05
147.20575060588453,-5.212063537940459e-05
147.22618483336555,-3.93293861822297e-05
147.26705308808596,2.051001572445088e-05
147.3079213423407,-3.6756300580975676e-06
147.3283554693553,3.749142659303928e-05
147.3487894961363,9.574952952240423e-05
147.3692236229108,-5.2193016390700286e-05
147.3896578495769,-1.121047183039181e-05
147.4305260024339,5.513377199006797e-06
147.45096022875077,-7.966830052530405e-05
147.4713942549497,-3.1536517578256706e-05
147.4918283810257,-0.00017440649872801917
147.53269673284376,-5.1641966430482356e-05
147.55313075856975,-2.820995780261626e-05
147.57356488418736,2.692351021571504e-05
147.59399910968932,8.61919883352602e-05
147.6144331350661,-7.233491595382002e-05
147.63486726045085,-0.0001506974978554565
147.65530128560204,8.372868304684644e-05
147.67573551063106,3.160942512181464e-05
147.69616963555018,0.00010050665720151564
147.71660366046854,6.266714301039755e-05
147.7370378851483,-1.1577800614892553e-05
147.7574720098346,-1.812012688517939e-05
147.79834015874076,-2.866893129227499e-06
147.81877438295487,-3.491727590398952e-07
147.8392085071755,-2.2328679074923308e-05
147.85964253127167,4.732209762781103e-05
147.88007665514306,-4.621944680927026e-05
147.92094490276213,2.2971892052359166e-05
147.94137902640068,-7.03854827277528e-05
147.96181324980716,1.5051031542201443e-05
147.98224727320485,-8.085995294893067e-06
148.02311551966704,3.592747795089224e-05
148.043549742717,4.125687365696962e-05
148.0639837656563,6.496349593643203e-05
148.08441788847995,4.261678842332195e-05
148.10485211118066,9.951268189434259e-05
148.12528613377071,9.40915816152188e-05
148.1457202562451,1.0015688795439459e-05
148.16615437871224,-1.3874983276540576e-05
148.1865885009538,8.086060678813567e-06
148.20702262307896,-0.00015539859611268803
148.22745674508042,-1.0677221421784289e-05
148.26832498886506,-3.7783764617826954e-05
148.30919323206035,-8.427837769320323e-05
148.32962735360343,-0.0002510709106069431
148.3500614749064,-3.1719154271026007e-05
148.37049559621664,0.00012606801755477015
148.3909296172933,2.0674379894947137e-05
148.41136383824778,6.799586952666026e-05
148.43179795920878,0.00012165747466652554
148.45223207993695,1.396671914610792e-05
148.47266620065784,-1.1026357220500493e-05
148.49310032115318,-7.773581840453403e-05
148.51353444164852,2.8007024543974524e-05
148.53396846202668,-8.08601758472971e-06
148.55440268216626,-4.217593263011743e-05
148.57483680231235,-9.73997572706331e-06
148.59527082221757,2.058253347847483e-05
148.6157050421316,-9.62962159811731e-06
148.6565731814917,-1.7458283431692756e-05
148.67700730104843,-1.7200877024392547e-05
148.6974415204968,-2.1133556172947543e-05
148.71787553981994,-7.3508021470880536e-06
148.7587438780174,2.0692508044151126e-05
148.77917799699208,8.049128351061974e-05
148.79961201585684,8.23295892358189e-05
148.82004613460597,-5.476439182472426e-05
148.8404803531157,2.572824437940824e-07
148.86091437163122,0.0001297806442481786
148.8813484900311,3.206855208914838e-05
148.90178270830802,2.4625612585094103e-05
148.9222167264743,-1.808328433017259e-05
148.9426508445249,5.3661782648095624e-05
148.96308496245183,6.443088908714145e-05
148.98351908026962,5.61243274037615e-05
149.003953197971,3.4347206259832674e-05
149.02438731543953,6.099431652040188e-05
149.04482133290003,-3.307916284722712e-05
149.0652555502529,2.3063419349655945e-05
149.10612368459988,-8.120896422725288e-05
149.12655790160352,-0.00010234277478649023
149.14699201848998,-8.602379758970713e-05
149.167426035252,-0.00015280663895689273
149.18786015190562,-0.00019011329980811453
149.20829436843633,-7.828735207215942e-06
149.22872848485713,-3.565198662403013e-05
149.24916250116075,-4.971039788081999e-05
149.2695967173495,-6.514726820217032e-05
149.29003083341377,0.0
149.33089896520687,4.63843917917206e-05
149.3513331809227,-4.86999054860604e-06
149.3717671965278,1.8928642509408178e-05
149.41263552738383,3.521095053216072e-05
149.45350365777995,-1.7642240937032483e-06
149.4739377727965,5.862369643949705e-06
149.4943718877039,1.4959150125948284e-05
149.51480600249488,1.78076369437008e-05
149.5352401172786,-5.478283357041036e-05
149.5556743318375,-1.8947031671046055e-05
149.5761083461548,2.2677630535206106e-05
149.59654246048012,2.1207443790638436e-05
149.6169764748047,-1.3783000730516193e-05
149.63741068889794,2.6353097396736302e-05
149.65784480275033,-3.4273707068099846e-05
149.67827881660924,1.856109605280487e-05
149.69871293035249,5.044548694366213e-05
149.7191471439728,-8.618895504075574e-06
149.73958125748322,-9.188587957531524e-05
149.7600152708765,4.144053168864126e-05
149.78044948414754,6.211446077952765e-05
149.8213176103527,4.355363078323293e-05
149.86218593608646,-3.4365101082012295e-05
149.88262004878197,0.0
149.90305406135303,-8.912850879116974e-06
149.92348827381647,-5.5590446345288314e-05
149.94392238603905,0.00010456502603095608
149.9643564982689,-0.00010463853395781264
150.00522472237935,-0.00016695454150350564
150.02565883425268,-0.00015500952752689479
150.0460928460161,-2.8484216987201272e-05
150.06652705754095,-3.124064503479129e-05
150.0869611690723,1.1761142946209446e-06
150.1073951804865,-4.720990733986241e-05
150.1278292916686,-1.1761129113940783e-06
150.1482635028442,3.1975607389433947e-05
150.16869751390914,-3.285765446603417e-05
150.18913162485842,3.243462172597411e-05
150.20956583556836,-2.480835089524458e-05
150.22999984628404,2.5727178707413145e-06
150.2504339567677,6.358288451657756e-05
150.270868067244,2.0030416831184894e-05
150.29130227761198,5.6415882448979104e-05
150.3117362877456,-8.26936975828474e-06
150.3321703978727,-3.730374417509896e-05
150.35260440777347,-5.742606279568463e-05
150.37303861767575,0.00012036429770745372
150.3934727273372,3.087206414464916e-05
150.41390673700516,-1.782494179802807e-05
150.4547750558704,8.317081090436496e-05
150.4752091650735,3.0688301858150524e-05
150.49564317415934,0.00011062489651880725
150.51607738323946,-3.390408580061788e-05
150.5569455008299,-4.143824332725199e-05
150.57737970944436,-3.6752322241095925e-06
150.59781381806533,2.44402942903843e-05
150.61824782645272,7.166702836958194e-06
150.63868193471717,6.038363269134095e-05
150.65911614287324,4.3477549799497694e-05
150.67955015091138,-2.2051166424064128e-05
150.6999842588266,7.214374797981371e-05
150.72041846663342,9.390121702224086e-05
150.74085257432307,5.880285112835892e-06
150.76128658188827,-3.0320041823239663e-05
150.7817206893451,-5.88025053538388e-06
150.8225889039022,-0.00017493848211114216
150.8430230110098,-0.00022528941696531302
150.8634572180017,-0.00010409988149340244
150.88389122486842,-7.111501171752632e-05
150.90432533151034,-7.773036164471225e-05
150.94519354467047,6.990219756386473e-05
150.96562765096314,0.00014333258175613928
150.9860617572558,-1.2679420693828547e-05
151.0064957634313,-0.00013423588359473548
151.0269299693682,0.0
151.04736407531163,1.525198951157769e-05
151.0677980810142,5.678150312204977e-05
151.08823228672554,1.863315345151939e-05
151.1086663922033,1.3230626916715948e-05
151.1291003975566,-3.759703148853433e-05
151.14953450291796,5.5201115635616915e-05
151.16996870804724,1.047424630895577e-05
151.1904027130513,-2.398036366546563e-05
151.21083681794698,-3.4289015607646967e-05
151.23127102284343,-3.7743539083257005e-05
151.251705127499,-2.5799381145441558e-05
151.27213913204469,1.9294408976522348e-05
151.2925732364747,4.9889828924731816e-05
151.3130074407818,-1.3230451869405968e-05
151.33344144497823,-7.938271121721296e-05
151.3538755489426,-3.9875221794383187e-05
151.37430975290044,2.0139687846087995e-05
151.39474375674763,-2.3520803323462403e-05
151.41517786047916,6.975388235685998e-05
151.435611964087,9.48184997506818e-05
151.4560460674693,8.020983554501981e-05
151.47648017085157,-4.318284387849758e-06
151.49691427411017,8.882802864240702e-05
151.5173483771432,7.159164244763261e-05
151.53778248005983,7.240017229048767e-05
151.55821658296918,0.00015571507969891485
151.57865068565297,7.320850572578586e-05
151.59908488833753,1.470050315788285e-05
151.61951889078043,-1.9864054892071437e-05
151.639952993115,-0.0001157664623676613
151.68082119742758,-0.00020983277601183126
151.7012552995293,-0.00020222521236645807
151.72168940139818,4.134516513132347e-05
151.74212350314338,-2.0433699389532656e-05
151.80342570757784,9.628829568342212e-06
151.82385990886542,-8.829551525857404e-05
151.8442940100358,-2.0139689326348353e-05
151.8647280109726,-1.424121213844387e-05
151.88516221190366,3.2727224282158573e-05
151.9055963126084,1.536226179554845e-05
151.9260303133051,6.769693164199175e-05
151.946464413777,2.480756906564352e-06
151.96689861424966,2.012171339593749e-05
151.98733271448145,6.211087673557714e-05
152.00776671460335,-5.5569037417435574e-05
152.02820091461035,1.4884563594996791e-06
152.0486350144929,-2.9861031354050382e-05
152.06906901438197,6.688876431404367e-06
152.08950311403896,-4.432299437640008e-05
152.1099373134566,8.798445152269352e-05
152.13037131288002,2.8556357072995198e-05
152.15080541218776,-0.0001322340632595731
152.17123951137182,7.92013344796949e-06
152.19167361044674,-5.448537279073573e-05
152.21210770928883,8.304195603403564e-05
152.23254180813092,-6.935193283319485e-05
152.25297600673366,0.00010173199081919826
152.27341000534216,2.1133053243804767e-05
152.31427810197056,2.8134525666523302e-05
152.3551463982585,-1.3782426028230432e-06
152.37558039616124,-8.26946701448783e-06
152.39601459395635,-6.395054491203922e-05
152.416448691627,-9.188296682394181e-07
152.43688278918853,5.294289251778217e-05
152.45731678663287,-2.0306107682221963e-05
152.4777509838459,-9.868230637266606e-05
152.4981850810509,-0.00017862048751260406
152.518619078146,-0.00017951947585082006
152.53905327500252,-0.00021140260519880716
152.55948737186554,-4.1898632873405006e-05
152.57992136849498,-1.653893402897566e-05
152.60035546512518,3.1791535733294296e-05
152.62078966151603,-1.4701288201246498e-06
152.64122365779622,2.1574172150762294e-05
152.6820918500016,9.078045463573048e-06
152.7025259459333,-1.277176290015447e-05
152.86599870882492,7.07501184835646e-05
152.8864327035917,3.895850680146751e-05
152.90686689835275,-1.5620181863074123e-05
153.13164193134435,6.567816193769893e-05
153.15207592459774,2.903511355945021e-05
153.17251001761178,7.350673817896336e-05
153.21337830330594,3.1534614366446334e-05
153.23381239597074,7.093450551165503e-06
153.25424638840923,8.234650756167028e-05
153.27468058084196,0.00014602217118619976
153.2951146731648,5.843785685222258e-05
153.31554866525403,-5.0793072074672985e-05
153.35641684919392,-0.00020056280340985388
153.37685094093467,-0.00012900411214378238
153.397285032559,1.6539016087779856e-06
153.41771922417684,-7.093400234414737e-06
153.43815331556834,6.615606436000121e-06
153.45858730684267,-8.104117884244477e-05
153.49945558892068,-8.747287376209556e-06
153.5403236705315,9.445615855696587e-06
153.56075786122528,-4.8146913507296496e-05
153.5811918516847,5.430301301800888e-05
153.6016259420212,-1.6538988736436444e-05
153.62206003224856,-5.981610819316696e-05
153.6424941223595,-5.3072241427587485e-05
153.66292821234674,-2.341206218114955e-05
153.68336230222485,-4.116414102028898e-06
153.72423048162457,-2.756538647497031e-05
153.744664571037,9.070849842718332e-05
153.76509856044868,3.1792137492159256e-05
153.78553274962178,-3.2894754977141893e-05
153.80596683868498,-2.3706275933177423e-05
153.82640082774742,-3.1148943958836384e-05
153.84683491657051,2.8925332030249606e-05
153.86726910528523,8.398401032660985e-05
153.887703093882,9.684808193033412e-05
153.90813718223944,3.657014659497193e-05
153.9285713706049,-5.4947104682567804e-05
153.9490054588532,5.494710468267883e-05
153.96943944686063,5.843872671951189e-05
153.98987353475968,3.767335255355775e-05
154.0103077226595,-3.60194004901393e-05
154.03074171031767,-8.019829782590637e-05
154.05117579786747,-2.2309975609480226e-05
154.07160998530162,2.9661113508216985e-05
154.09204397261055,-1.3966847482116407e-05
154.13291214677884,4.134913593167866e-05
154.15334623373928,-0.00015914822985285682
154.17378032047418,-0.00016789671470474055
154.19421440720907,-9.473546476801431e-05
154.2350825800895,-3.978691488315533e-05
154.25551666635874,4.7321619318196895e-05
154.27595065250352,-1.4609975672930098e-05
154.29638483842427,3.7857431119725504e-05
154.31681892434426,3.333676012173825e-05
154.3372529101398,4.9509130023883685e-05
154.35768699571054,4.620100052155074e-05
154.37812118128204,0.0
154.3985551666119,0.0
154.4189892518334,3.5137922963723867e-05
154.43942343693925,-4.4914792742045684e-05
154.45985752192064,-1.646628823381846e-05
154.48029150679213,-9.16301466198366e-05
154.50072559143155,-4.81490140702423e-06
154.52115977606445,5.1272928555112784e-05
154.54159376047028,0.00012614243068220787
154.56202784487687,-2.4809392652258566e-05
154.5824620290441,7.661507997580586e-05
154.6028960131007,0.0
154.62333009704162,-6.3401606449353665e-06
154.64376418085885,1.6888764331257633e-05
154.66419826445053,-3.3428359432874366e-05
154.6846323480422,-1.8818451197333275e-05
154.7050664313938,-6.213428113144293e-05
154.7255006147534,2.5508044718902667e-05
154.74593459787866,2.7566362157616098e-05
154.766368680881,-1.929645351028686e-05
154.78680276377418,-2.2788370285797832e-05
154.80723684655095,-5.8073657098756115e-06
154.82767092920403,2.5159125495832768e-05
154.8685390940591,8.681644181374182e-05
154.88897317636292,4.6017859928193516e-05
154.9094072584412,7.329042547676856e-05
154.92984134040307,8.995925185861786e-05
154.95027542224125,2.931256521243597e-05
155.0320117483352,-0.0001277252901367154
155.05244582959858,-0.0001340847667136158
155.07287981062836,6.680347135468168e-05
155.09331399153598,-3.951236957733251e-06
155.13418205300695,-6.443282864754263e-05
155.15461613357184,-2.11345558883691e-05
155.17505031390465,1.093486176340086e-05
155.19548439422942,-3.640665740123339e-05
155.21591837432788,-1.1284048651805101e-05
155.2363524544271,4.881178048798951e-05
155.25678663428698,-4.743340875945634e-05
155.29765469355334,-6.737328859718339e-05
155.3180888731804,-1.1688328300230033e-05
155.33852285258035,-2.481019055533551e-06
155.35895693174825,-7.69115907236495e-05
155.37939101067604,3.8226081913173005e-05
155.39982508984394,-2.4626472465483218e-05
155.42025916854618,4.998840342573807e-05
155.44069324724842,5.917760043283593e-05
155.46112742594414,1.426143414162695e-05
155.48156140417996,8.582589876438007e-05
155.52242946064507,4.6496762961423244e-05
155.54286363864958,-6.4323920856868e-05
155.5837316944162,-4.024818612091696e-05
155.60416587218788,-0.00011504713624543861
155.62459994948586,-6.377224010944982e-05
155.64503402702394,-1.6540323102276488e-06
155.6654680040956,2.5802946718389563e-05
155.68590218140162,8.093744825377058e-05
155.70633625823393,6.708002665556378e-05
155.72677023507276,0.00012816879613586352
155.74720431191236,-2.4442692820314527e-05
155.76763848827977,2.2053800614152408e-05
155.78807246488577,0.0
155.80850654102687,-5.9728252989055264e-05
155.8289407173943,-0.00010714329690020286
155.8493746933018,-9.262591151049104e-05
155.86980876921007,-6.0923624196629333e-05
155.89024284511106,-8.05703972450722e-05
155.91067702078726,-1.5254083407745256e-05
155.9311109962291,-2.1318959944061078e-06
155.95154507166444,0.00011442343618406348
155.97197924687498,5.8001864440271333e-05
155.9924132218439,-6.358845843879024e-06
156.01284729682084,9.299347465163699e-05
156.03328127179702,-0.00010098769457123069
156.0537154465419,3.076495008413893e-05
156.0741495210459,3.363193467986747e-05
156.0945835955572,-1.984836583635019e-05
156.11501766982838,1.121065107412278e-05
156.135451743874,-1.74592010633301e-05
156.15588581791962,2.5178005744086462e-05
156.1763197919645,6.119912799507077e-05
156.19675396577077,-3.482651159458783e-05
156.21718803935073,-4.962077780112928e-06
156.23762201292993,-6.926650374605714e-05
156.2580560862698,-6.1014662815828125e-05
156.27849025938485,-5.906598556371101e-05
156.2989242324984,3.99531588723967e-05
156.31935830560542,-3.2896115170766294e-05
156.33979247825482,-1.0659188082406956e-05
156.36022645113553,0.00013774275552580484
156.3806605235441,6.283422029906838e-05
156.40109459595988,3.3723750838321465e-05
156.42152876837645,-6.156614156260787e-06
156.4419627405514,0.0
156.46239681250154,-8.913307061986231e-06
156.48283098444517,0.00011412692899326338
156.50326495616173,5.504196835226516e-05
156.52369902787905,2.1134645611153857e-05
156.5441330993635,-6.0004015582704184e-05
156.56456717060792,3.09670409603946e-05
156.58500124185957,3.159170070032857e-05
156.6054353128784,1.2772677129957444e-05
156.62586938388995,4.640433058078486e-05
156.64630345467594,2.6464215418853243e-05
156.66673752546194,-2.0215720111571578e-05
156.68717159600783,-7.202319665178258e-05
156.70760566632816,-0.0002270596056735963
156.7280397366485,-9.087897612736207e-05
156.74847380672873,-2.7842744180883727e-05
156.76890777681547,-2.113477573062461e-06
156.7893419466709,2.161260941391241e-05
156.8097760165183,9.18904812485799e-06
156.8302100859073,7.893395965896666e-05
156.85064415552915,3.262112084323476e-05
156.87107822467806,-6.294497965542156e-05
156.89151229406707,1.929700992997496e-06
156.91194626298966,1.9940243592531104e-05
156.9323804319065,-3.482650839436996e-05
156.95281450082985,5.2010069737429276e-05
156.97324846928677,-2.462667612945779e-06
156.99368263797078,1.1026869908281611e-06
157.01411670619564,4.01561845853049e-05
157.03455067441973,-2.8302299433180522e-05
157.05498474263732,3.0323872743931446e-06
157.0754189106301,-5.605321931612117e-06
157.09585287838854,-5.743157716764369e-05
157.11628694614046,-0.00020813203565539506
157.1367211136676,-0.0001223062867361513
157.15715518119396,-1.359980622117618e-05
157.17758914847946,-5.873646038223601e-05
157.19802321554016,0.0
157.21845738260163,4.612907245271636e-05
157.23889134942146,3.39995992826303e-05
157.25932541624934,-1.9921878302242568e-05
157.30019354919932,3.399957178906732e-05
157.32062761556153,-1.3324156512006802e-05
157.34106168169092,-8.27015243176632e-06
157.36149574781302,4.190210565413466e-05
157.38192981370958,4.226962137443557e-05
157.40236387960613,0.00012147935016448841
157.4227978452691,8.207666835624572e-05
157.46366607612435,2.536170757050371e-05
157.48410004131438,-6.101446097872554e-05
157.5045342065132,-6.726283098223984e-05
157.52496827147843,-0.00019822229919652656
157.5454022362028,-0.00010162885509679143
157.5658363009352,-0.00016254986991404152
157.58627046543552,2.582050394273061e-05
157.60670442992705,-1.1026522167334463e-05
157.6271384941938,-1.782619642254346e-05
157.64757265822846,-4.824099547362515e-05
157.6884406860554,0.00013562578896797461
157.70887474985648,-4.3554311123239486e-05
157.7293089134182,-2.5912058516319725e-05
157.7497428769857,5.366181223309674e-05
157.7701769403211,-7.350927779814498e-07
157.79061110341718,5.78878913692904e-06
157.811045066519,-0.00012900669621951355
157.83147912938875,-2.4808980042201334e-05
157.8519131920184,0.00010190106591823067
157.87234725465532,4.098075962510883e-05
157.89278131729225,-3.969432429962172e-05
157.91321537968906,-3.25272935234322e-05
157.95408350379876,2.0398472209581797e-05
157.9745175657299,-1.1026201194308527e-06
157.99495152766758,4.4747999847105646e-05
158.0153856891411,6.461353899900324e-05
158.03581975083944,8.03801499620338e-05
158.0562537120786,7.727446972816132e-05
158.07668777331855,2.094954742548616e-05
158.09712193455198,0.0
158.1175559955591,-7.34147265897267e-05
158.1379899563326,1.056657516618209e-05
158.15842411686754,2.664614607139626e-05
158.1788581776418,-8.710530226108126e-06
158.19929213794967,1.3323054673275436e-05
158.219726198251,0.00012029293700743793
158.24016035832756,-4.053846698082175e-05
158.30146253784915,8.783947061097308e-05
158.32189659745927,2.940248994987016e-05
158.34233055682853,-9.438173951514806e-05
158.36276461620582,-0.00021842316119080607
158.38319877535105,-0.00018596975786255854
158.40363283448823,-0.00014471460900866706
158.42406679316628,-2.6939959137273206e-05
158.46493501051737,2.469802529359022e-05
158.48536896896258,-1.7751705679858176e-05
158.50580302740855,-5.2373185223109076e-06
158.52623718561517,1.98466843632783e-05
158.54667114359472,3.58342846265014e-05
158.56710520157503,-9.803892742654696e-05
158.58753925931524,-4.704399256594272e-06
158.60797331682988,2.9770026544806427e-05
158.62840737434453,6.597183682499619e-05
158.64884143185918,0.0
158.66927558890166,9.739574795997186e-06
158.68970954594988,7.385518129088275e-05
158.7101436029916,-3.958310209484228e-05
158.730577559807,2.682977208179338e-06
158.75101171639108,-2.951267010542491e-05
158.7714457729744,0.00015557440971858405
158.79187982931762,-7.68867623744951e-05
158.8123138854353,-9.923243709963891e-06
158.83274794154568,4.2265667653307304e-05
158.8531819974305,2.2309079394489117e-05
158.87361595331458,-4.1530905627862325e-06
158.89405010896735,-2.6829510771153586e-05
158.91448416437925,8.993462484152559e-05
158.93491811979766,-4.8881508394327255e-06
158.95535227521032,-1.562000217358861e-05
158.97578633016383,2.2786707778443827e-05
158.99622028511658,3.2342423943454435e-05
159.0166543400701,3.223233389682001e-05
159.03708849455143,8.736129740150034e-05
159.05752244927135,2.4623969927972666e-05
159.07795650352637,-5.604709573137079e-05
159.0983905577741,7.561751393514449e-05
159.1188247120299,8.629400861237535e-05
159.13925866605132,0.0
159.1596927198334,-9.445293009902045e-05
159.1801268733907,-0.00010410035972974185
159.20056082693918,-0.00021452093968032937
159.2209948804957,-0.00012697817665952016
159.2414288335858,-0.00016159856520159277
159.26186298691027,5.4760487184557505e-05
159.30273109261907,-4.667493462295891e-05
159.323165145237,-3.49144045808103e-06
159.3435991978622,-2.800496077370873e-05
159.36403325025458,5.512787553119125e-07
159.3844672026462,7.063735326751086e-05
159.40490135479922,-4.8053387589286345e-05
159.42533540672594,6.376495099758017e-05
159.4457693586519,4.961537973868779e-05
159.46620351033926,8.894016219729295e-06
159.5070715132606,2.4807676193283612e-05
159.52750556448154,-3.39957044130923e-05
159.54793971571053,3.1606817075813254e-05
159.56837366670516,2.1242658787112845e-05
159.58880771769327,-4.474543431187694e-05
159.609241768223,2.9971098012060438e-05
159.62967591898632,-5.402515521391038e-06
159.67054391957208,-6.925877891306165e-05
159.69097806986247,-0.00011887371737562269
159.71141201969294,4.9615060635499475e-06
159.73184606952418,-5.9243911704975893e-05
159.75228011935542,0.0001429641690997574
159.77271416894655,-4.263198872911378e-05
159.79314821831213,-4.970660698211393e-05
159.8135822676777,-4.263198872911378e-05
159.83401631680317,-7.460598027586585e-05
159.8544503657031,4.244833624156286e-06
159.874884414603,0.000128557818327657
159.89531836349488,4.619690502760676e-05
159.9157525119299,5.0166486581959546e-05
159.93618656036415,5.733267449747892e-05
159.95662060879113,3.7927769282797286e-05
159.97705465675972,5.2187434478323524e-05
159.99748870496114,1.8375825132643797e-06
160.01792275268963,-1.1595145658405137e-05
160.0383568004254,-8.627434045826998e-05
160.05879084792832,-0.00012431222858388935
160.07922489542398,-0.00013294885052528294
160.09965894269408,7.357570193677887e-05
160.12009288996342,5.909576858864618e-05
160.14052703699417,-0.00010198564207541949
160.1609610837986,1.2017609656966854e-05
160.1813950306023,-5.731304009470861e-05
160.20182917716738,-8.314892799898832e-05
160.22226322350616,-6.80810559638978e-05
160.24269716984418,0.0
160.26313121594285,2.030482037373993e-05
160.28356536204956,-3.329630314030663e-05
160.30399930768908,-5.80664006200049e-06
160.32443335355492,6.036336540926612e-05
160.36530154460343,5.567791630078922e-05
160.38573548977,2.638754184625114e-05
160.40616953494464,1.4792459043455608e-05
160.4266036798872,5.4557473928129596e-05
160.44703762482095,-2.5082839983925354e-05
160.4674716695299,-8.011739771340842e-05
160.4879058140068,4.667389683299383e-05
160.5083397584749,-8.177189591784817e-06
160.5287738027182,-2.0764569837017355e-05
160.5492078469615,4.483677026789756e-05
160.56964189073187,4.3072751273465215e-05
160.59007593474234,-1.7640696498788522e-05
160.61050997828715,-1.460870178793261e-05
160.6309439218312,5.211355757372971e-05
160.6513780653695,6.854145618806484e-05
160.67181210868148,1.6538172417313035e-05
160.6922460517526,4.3624023687405256e-05
160.71268019459967,2.31534949923784e-06
160.733114237446,-8.820411461218924e-06
160.75354818028427,1.4149508855698656e-05
160.77398222266493,-0.00015987109171222702
160.79441636504637,1.5619594873728104e-05
160.81485040741973,1.2495693120673224e-05
160.8352843495668,5.8068220971652096e-05
160.85571849148255,-6.33972665671223e-05
160.87615253315744,-0.00011071551625130294
160.89658647483884,-0.00014167910876305978
160.917020516521,-7.488227862639807e-05
160.937454657731,-3.0430687952276436e-05
160.95788859894674,4.575629645242607e-05
160.97832264016324,0.0
160.9987567811404,-1.5803379497580927e-05
161.01919072189048,2.572643174025835e-05
161.0396247624085,-1.771472023404108e-05
161.06005880291923,1.7825023687079167e-05
161.08049284343724,1.7714765808474198e-05
161.1009268834896,-4.56835143156642e-05
161.12136092353467,-2.0948996910630235e-05
161.16222900340654,-1.690620803318499e-05
161.18266304298595,-9.65675252325715e-05
161.20309698257188,2.444070299545409e-05
161.22353112169367,-1.2128509273900967e-05
161.26439919992845,-3.868267572026962e-05
161.28483313904871,3.8682675720380644e-05
161.30526727769757,8.122425907663988e-05
161.32570131635293,-5.200557764417635e-05
161.3461352547747,-6.615550512956148e-06
161.36656939319073,3.3077752563670515e-06
161.3870034311476,-4.272552068862456e-05
161.40743736933655,4.0777604476405216e-05
161.44830554501095,6.769929531347252e-05
161.4687394825014,1.6722681524194982e-05
161.48917351999262,2.1133053245137035e-06
161.5096076572445,2.0949293338068387e-05
161.53004159426928,2.223571474768704e-05
161.55047563128755,2.0030519896740984e-05
161.59134380487376,6.332584547186215e-05
161.6117777414329,-4.4655072641508475e-05
161.9387222063233,-3.592619051451251e-05
161.97959037432156,-1.709021298623714e-05
162.0000244080802,2.7564859661488583e-07
162.02045844184613,-1.7182095851775436e-05
162.04089247513912,1.92035647694766e-05
162.06132650843938,-7.718193325301215e-05
162.08176044173888,-1.0842204032690539e-05
162.10219457480707,-1.9662933220754297e-05
162.1226286076344,-3.3518949416166954e-05
162.1430625402354,1.929540175882316e-05
162.16349667283066,2.3889602105420238e-06
162.18393070543243,8.280524317072491e-05
162.20436463756778,8.820803718556647e-06
162.2247986697039,-9.067071150403727e-05
162.24523280183348,-5.413780220753228e-05
162.26566673350317,-2.0784134872720017e-05
162.2861007651736,7.718262824862876e-06
162.30653489683755,0.00012367645064381705
162.32696892827516,4.667729340779303e-05
162.3474028594792,9.372212455893703e-06
162.36783689044387,1.2294138645341235e-05
162.3882710214166,-1.0291083290869807e-05
162.4087049523805,2.75656853527817e-05
162.4291389828868,2.078456686205321e-05
162.44957291339233,6.86386889734436e-05
162.4700070438994,7.266357924229361e-05
162.49044107393274,-4.145903762553527e-05
162.51087450397608,9.308031048216314e-05
162.5313086340102,-0.0002018730919339795
162.55174256381724,-0.0001115309781472007
162.57217659338494,-7.350863611621516e-05
162.59261062272708,-0.00015978939775740386
162.61304475206998,7.07520427585262e-05
164.24776621006458,-0.00014683346016641785
164.2682002270667,-0.00016475118528047616
164.30906826083083,-2.021522971296097e-05
164.3295022776001,1.176160202787102e-06
164.3499363939045,-2.756628312783338e-05
164.37037041043368,-7.534784054907817e-06
164.3908043265037,-3.87030615115469e-05
164.4112383425745,-1.415069200549901e-05
164.4316723584052,-2.6169642428186535e-05
164.45210637401033,-0.00010721467270091711
164.47254038961546,-2.0215313673466184e-05
164.53384243549226,6.645324931220387e-05
164.55427645039163,7.729585789029159e-05
164.57471046506544,3.6755044170444506e-05
164.59514447973925,1.951691841162173e-05
164.61557849440578,5.421363435775817e-05
164.63601240861317,7.758977276361989e-05
164.65644652282208,8.038310433144957e-05
164.69731455076544,-1.6172193281205338e-06
164.71774856450793,-1.1761588194492134e-06
164.7381825780103,-3.4825017153017335e-05
164.7790505045632,-2.197907614021055e-05
164.7994846178335,-6.918940613698243e-05
164.81991863064468,1.7641772777521325e-05
164.84035254345508,1.2312378644852018e-05
164.8607866560269,9.463909061313558e-06
164.88122066860524,-8.22716562309811e-05
164.90165458094998,1.9111567191032464e-06
164.92208859305538,3.7120508493693194e-06
164.9425227051688,3.6109767076464294e-05
164.9629566170479,1.2257118399583433e-05
164.9833906286949,2.598438077749954e-05
